pred,ci.lb,ci.ub,pi.lb,pi.ub,cr.lb,cr.ub,age
0.556188072938373,0.54301621366936,0.569281417472204,0.474661428273094,0.634797118710591,0.474661428273094,0.634797118710591,0-4
0.499575203259306,0.487267852395478,0.511883068899743,0.428174531453496,0.570993204382875,0.428174531453496,0.570993204382875,5-14
0.615373328143691,0.594703505833244,0.635634862631674,0.4925398090238,0.725070633569913,0.4925398090238,0.725070633569913,15+
